[
  {
    "id": "08e851cc-d841-44b3-bb26-78e534a29044",
    "data": [
      {
        "text": "No thank you",
        "userDefined": false
      }
    ],
    "isTemplate": false,
    "count": 0,
    "lang": "en",
    "updated": 0
  },
  {
    "id": "a299ad92-d8af-41af-ae13-03f172e50abe",
    "data": [
      {
        "text": "nothing more",
        "userDefined": false
      }
    ],
    "isTemplate": false,
    "count": 0,
    "lang": "en",
    "updated": 0
  },
  {
    "id": "272ee817-ef15-4f32-83e2-e2f2083da81b",
    "data": [
      {
        "text": "that\u0027s enough",
        "userDefined": false
      }
    ],
    "isTemplate": false,
    "count": 0,
    "lang": "en",
    "updated": 0
  },
  {
    "id": "00753dd2-746d-4a60-a4cc-67316c3813f4",
    "data": [
      {
        "text": "I am done",
        "userDefined": false
      }
    ],
    "isTemplate": false,
    "count": 0,
    "lang": "en",
    "updated": 0
  },
  {
    "id": "480ee23f-991b-4206-93be-3c06af2c4d55",
    "data": [
      {
        "text": "nothing else",
        "userDefined": false
      }
    ],
    "isTemplate": false,
    "count": 0,
    "lang": "en",
    "updated": 0
  },
  {
    "id": "b9bfaa5e-4520-4fb3-a26c-e1b47fc3fea3",
    "data": [
      {
        "text": "that would be all",
        "userDefined": false
      }
    ],
    "isTemplate": false,
    "count": 0,
    "lang": "en",
    "updated": 0
  },
  {
    "id": "1185e8f2-a5b4-4cc7-ab1c-e94be4019640",
    "data": [
      {
        "text": "That\u0027s all",
        "userDefined": false
      }
    ],
    "isTemplate": false,
    "count": 0,
    "lang": "en",
    "updated": 0
  },
  {
    "id": "78a4765f-1ad2-44c8-b797-3a6c5086c3dd",
    "data": [
      {
        "text": "Done",
        "userDefined": false
      }
    ],
    "isTemplate": false,
    "count": 0,
    "lang": "en",
    "updated": 0
  },
  {
    "id": "4785413c-0b4a-43ae-8239-f7589642a73d",
    "data": [
      {
        "text": "That\u0027s it",
        "userDefined": false
      }
    ],
    "isTemplate": false,
    "count": 0,
    "lang": "en",
    "updated": 0
  },
  {
    "id": "ee8b6c8f-5a63-4ad6-b20f-128a137da884",
    "data": [
      {
        "text": "Place an order",
        "userDefined": false
      }
    ],
    "isTemplate": false,
    "count": 0,
    "lang": "en",
    "updated": 0
  },
  {
    "id": "cee4d479-5500-4642-bd49-1fbed3bd3214",
    "data": [
      {
        "text": "no",
        "userDefined": false
      }
    ],
    "isTemplate": false,
    "count": 0,
    "lang": "en",
    "updated": 0
  },
  {
    "id": "95bc807f-bce2-4c2d-8ecd-a2dfe01d73f4",
    "data": [
      {
        "text": "no that\u0027s it",
        "userDefined": false
      }
    ],
    "isTemplate": false,
    "count": 1,
    "lang": "en",
    "updated": 0
  },
  {
    "id": "848b5a3d-66fa-4085-b16f-1b72055a4a91",
    "data": [
      {
        "text": "Done ordering it",
        "userDefined": false
      }
    ],
    "isTemplate": false,
    "count": 0,
    "lang": "en",
    "updated": 0
  },
  {
    "id": "b09f4efa-4c2b-4e48-993c-563fa6766142",
    "data": [
      {
        "text": "That\u0027s all I need",
        "userDefined": false
      }
    ],
    "isTemplate": false,
    "count": 0,
    "lang": "en",
    "updated": 0
  },
  {
    "id": "9265ad23-dc36-45bc-a877-e4c725aa6095",
    "data": [
      {
        "text": "Nope",
        "userDefined": false
      }
    ],
    "isTemplate": false,
    "count": 0,
    "lang": "en",
    "updated": 0
  }
]